{
  "execution_mode": "ray_core",
  "config": {
    "workers": 4,
    "batches": 10,
    "batch_size": 32,
    "duration": 10
  },
  "approaches": {
    "normal": {
      "peak_total_rss_mb": 7916.4765625,
      "peak_total_uss_mb": 4173.79296875,
      "avg_rss_per_worker_mb": 1537.8564453125,
      "avg_uss_per_worker_mb": 770.177734375,
      "runtime_s": 13.122655153274536,
      "throughput_batches_per_s": 3.04816361725536,
      "num_workers": 4
    },
    "task_based": {
      "peak_total_rss_mb": 6054.390625,
      "peak_total_uss_mb": 2165.59765625,
      "avg_rss_per_worker_mb": 1070.3291015625,
      "avg_uss_per_worker_mb": 296.4765625,
      "runtime_s": 11.474958181381226,
      "throughput_batches_per_s": 3.4858514835289145,
      "num_workers": 4
    },
    "actor_based": {
      "peak_total_rss_mb": 1774.58984375,
      "peak_total_uss_mb": 958.30859375,
      "avg_rss_per_worker_mb": 576.2294921875,
      "avg_uss_per_worker_mb": 287.47265625,
      "runtime_s": 11.17136263847351,
      "throughput_batches_per_s": 3.5805837921904327,
      "num_workers": 4
    }
  }
}